L1_Category,L1_Code,L1_Description,L2_Subcategory,L2_Code,L2_Description,Issue_Count,Percentage,Example_Keywords,Example_Issues
Core Functionality,L1.1,Issues affecting fundamental Claude Code operations,Context Management,L2.1.1,Context window usage, compaction, token limits,229,22.9%,"context, token, compact, window","Context compaction fails, Token limit errors, Context overflow"
Core Functionality,L1.1,Issues affecting fundamental Claude Code operations,Session Management,L2.1.2,Session lifecycle, persistence, state,186,18.6%,"session, conversation, history, resume","Session won't resume, Lost conversation history, Session crashes"
Core Functionality,L1.1,Issues affecting fundamental Claude Code operations,Agent Behavior,L2.1.3,Agentic loop, autonomous execution, task completion,88,8.8%,"agent, loop, agentic, autonomous, task","Agent gets stuck in loop, Agent doesn't complete task, Hallucinated steps"
Core Functionality,L1.1,Issues affecting fundamental Claude Code operations,Stability & Errors,L2.1.4,Crashes, hangs, freezes, unexpected exits,122,12.2%,"crash, exit, hang, freeze, killed","Process exits with code 3, CLI freezes, Unexpected termination"
Core Functionality,L1.1,Issues affecting fundamental Claude Code operations,Hooks & Lifecycle,L2.1.5,Hook execution, triggers, plugin lifecycle,82,8.2%,"hook, trigger, lifecycle, plugin update","Hooks don't fire, PreCompact hook fails, Plugin update issues"
API & Integration,L1.2,Issues with external API connections and integrations,Network & Proxy,L2.2.1,Proxy configuration, egress, DNS, connectivity,29,2.9%,"proxy, network, egress, dns, connection","Proxy not working, Cannot connect through firewall, DNS resolution fails"
API & Integration,L1.2,Issues with external API connections and integrations,Authentication & Authorization,L2.2.2,API keys, auth errors, permission issues,13,1.3%,"401, 403, unauthorized, authentication, api key","401 Unauthorized, API key invalid, Auth token expired"
API & Integration,L1.2,Issues with external API connections and integrations,Rate Limits & Quotas,L2.2.3,Rate limiting, quota management, 429 errors,9,0.9%,"rate limit, 429, quota, throttle","Rate limit reached, Quota exceeded, 429 Too Many Requests"
API & Integration,L1.2,Issues with external API connections and integrations,Cloud Provider APIs,L2.2.4,"AWS Bedrock, GCP Vertex integrations",15,1.5%,"bedrock, vertex, aws, gcp","Bedrock integration fails, Vertex API error, Cross-region issues"
Terminal UI (TUI),L1.3,Issues with the command-line interface and user interaction,Rendering & Display,L2.3.1,Visual layout, rendering bugs, display issues,131,13.1%,"render, display, visual, layout, ui","Text overlaps, Colors wrong, Progress bar doesn't update"
Terminal UI (TUI),L1.3,Issues with the command-line interface and user interaction,Commands & Controls,L2.3.2,Slash commands, keyboard shortcuts, command execution,83,8.3%,"command, /command, slash, shortcut","'/compact doesn't work', Shortcut conflicts, Command not recognized"
Terminal UI (TUI),L1.3,Issues with the command-line interface and user interaction,Input Handling,L2.3.3,Keyboard input, paste, copy, autocomplete,79,7.9%,"input, paste, copy, keyboard, autocomplete","Paste doesn't work, Autocomplete slow, Input lag"
Terminal UI (TUI),L1.3,Issues with the command-line interface and user interaction,Feedback & Status,L2.3.4,Status indicators, notifications, progress feedback,43,4.3%,"status, notification, progress, indicator","No progress indicator, Status line incorrect, Missing feedback"
Tools & Execution,L1.4,Issues with tool invocation and command execution,File Operations,L2.4.1,File read/write, edit operations, file system access,148,14.8%,"file, read, write, edit, save","Edit tool fails, File not saved, Cannot read file"
Tools & Execution,L1.4,Issues with tool invocation and command execution,Bash Execution,L2.4.2,Shell command execution, bash tool issues,119,11.9%,"bash, shell, command execution, timeout","Command hangs, Bash timeout, Shell error"
Tools & Execution,L1.4,Issues with tool invocation and command execution,Git Operations,L2.4.3,Git commands, repository access,110,11.0%,"git, clone, push, commit, repository","Git clone fails, Cannot push, Git auth error"
Tools & Execution,L1.4,Issues with tool invocation and command execution,Permissions & Sandbox,L2.4.4,Security sandbox, allowlists, denylists, permissions,56,5.6%,"sandbox, allowlist, denylist, permission, bypass","Sandbox bypass, Command blocked incorrectly, Allowlist not working"
MCP Integration,L1.5,Issues with Model Context Protocol and plugin system,Plugin Management,L2.5.1,Plugin install, update, lifecycle,~20,2.0%,"plugin install, plugin update, plugin lifecycle","Plugin won't install, Update fails, Plugin conflicts"
MCP Integration,L1.5,Issues with Model Context Protocol and plugin system,MCP Server Communication,L2.5.2,MCP server connections, tool discovery,~20,2.0%,"mcp server, connection, oauth, discovery","MCP server disconnects, Tools not appearing, OAuth issues"
MCP Integration,L1.5,Issues with Model Context Protocol and plugin system,Tool Invocation,L2.5.3,Using MCP tools, tool results,~21,2.1%,"mcp tool, tool result, tool call","MCP tool fails, Duplicate tool calls, Tool result error"
IDE Integration,L1.6,Issues with IDE extensions and integrations,VS Code Extension,L2.6.1,VS Code specific issues,37,3.7%,"vscode, extension, panel","Extension crashes, Panel won't open, VS Code hangs"
IDE Integration,L1.6,Issues with IDE extensions and integrations,Cursor Integration,L2.6.2,Cursor editor specific issues,12,1.2%,"cursor, sync","Cursor connection fails, Sync issues"
IDE Integration,L1.6,Issues with IDE extensions and integrations,General IDE Issues,L2.6.3,Cross-IDE issues, startup, connection,35,3.5%,"ide, startup, connection, settings","IDE not connected, Startup fails, Settings not synced"
Model & Reasoning,L1.7,Issues with Claude's model behavior and outputs,Code Quality,L2.7.1,Incorrect code, logic errors, bugs in generated code,~17,1.7%,"generated code, syntax error, logic bug","Generated code has syntax error, Logic bug, Wrong implementation"
Model & Reasoning,L1.7,Issues with Claude's model behavior and outputs,Model Selection,L2.7.2,Model switching, model availability,~17,1.7%,"model switch, opus, sonnet, haiku","Can't switch to Opus, Model defaults incorrectly, Model not available"
Model & Reasoning,L1.7,Issues with Claude's model behavior and outputs,Reasoning & Understanding,L2.7.3,Misunderstanding instructions, hallucinations,~16,1.6%,"misunderstand, hallucinate, fabricate","Claude doesn't understand task, Fabricates files, Ignores instructions"
Platform-Specific,L1.8,Issues that only occur on specific operating systems,macOS,L2.8.1,macOS-only issues,346,34.6%,"macos, darwin, mac","macOS-specific crash, macOS terminal issue"
Platform-Specific,L1.8,Issues that only occur on specific operating systems,Windows,L2.8.2,Windows-only issues,159,15.9%,"windows, win32","Windows-specific path issue, Windows terminal crash"
Platform-Specific,L1.8,Issues that only occur on specific operating systems,Linux,L2.8.3,Linux-only issues,128,12.8%,"linux, ubuntu, debian","Linux-specific permission issue, Linux shell compatibility"
Performance & Resources,L1.9,Issues affecting speed, memory, or resource usage,Memory Management,L2.9.1,Memory leaks, high memory usage, OOM,67,6.7%,"memory, leak, ram, oom","Memory leak, High RAM usage, Out of memory"
Performance & Resources,L1.9,Issues affecting speed, memory, or resource usage,Response Time,L2.9.2,Latency, slow responses, timeouts,~9,0.9%,"slow, latency, timeout, lag","Slow autocomplete, Command times out, Long wait times"
Performance & Resources,L1.9,Issues affecting speed, memory, or resource usage,Resource Usage,L2.9.3,CPU, disk I/O, network usage,~9,0.9%,"cpu, disk, i/o, performance","High CPU usage, Disk thrashing, Network saturation"
Security,L1.10,Security vulnerabilities and concerns,Sandbox Bypass,L2.10.1,Security model violations, sandbox escapes,~24,2.4%,"sandbox bypass, absolute path, allowlist bypass","Absolute paths bypass, Command allowlist bypass"
Security,L1.10,Security vulnerabilities and concerns,Credential Management,L2.10.2,API keys, secrets, token handling,~12,1.2%,"api key, secret, token, credential","API key exposed, Secret in logs, Token leaked"
Security,L1.10,Security vulnerabilities and concerns,Data Privacy,L2.10.3,PII handling, data exposure,~11,1.1%,"pii, sensitive data, privacy","Sensitive data in context, PII in error messages"